route_id,agency_id,route_short_name,route_long_name,route_type,route_color,route_text_color
South SF-East Bay,SB,South SF-East Bay,,4,,
South SF-SF,SB,South SF-SF,,4,,
Vallejo-SF,SB,Vallejo-SF,,4,,
Harbor Bay-SF,SB,Harbor Bay-SF,,4,,
Ala-Oak-SF,SB,Ala-Oak-SF,,4,,